[
    {
        "id":774,
        "image":"https:\/\/seller.fashiostreet.com\/products\/compress\/Men Multicolor T-shirts -T-shirts-Men(Multicolor)-1526895995.png",
        "name":"Men Multicolor T-shirts",
        "mrp_price":"550.00",
        "selling_price":"495.00",
        "shop_name":"Exceptional Mens Wear",
        "size":"M",
        "wishlistflag":0
     },
     {
        "id":775,
        "image":"https:\/\/seller.fashiostreet.com\/products\/compress\/Men Multicolor T-shirts -T-shirts-Men(Multicolor)-1526896102.png",
        "name":"Men Multicolor T-shirts",
        "mrp_price":"550.00",
        "selling_price":"495.00",
        "shop_name":"Exceptional Mens Wear",
        "size":"L",
        "wishlistflag":0
     }
]