[
    {
       "id":546,
       "image":"https:\/\/seller.fashiostreet.com\/products\/compress\/Men Black T-shirts -T-shirts-Men(Black)-1526732179.png",
       "name":"Men Black T-shirts",
       "mrp_price":"580.00",
       "selling_price":"580.00",
       "shop_name":"HARI OM COLLECTION",
       "size":[
          {
             "size":"XL"
          }
       ],
       "wishlistflag":0
    },
    {
       "id":547,
       "image":"https:\/\/seller.fashiostreet.com\/products\/compress\/Men Gray T-shirts -T-shirts-Men(Gray)-1526732179.png",
       "name":"Men Gray T-shirts",
       "mrp_price":"580.00",
       "selling_price":"580.00",
       "shop_name":"HARI OM COLLECTION",
       "size":[
          {
             "size":"L"
          }
       ],
       "wishlistflag":0
    },
    {
       "id":552,
       "image":"https:\/\/seller.fashiostreet.com\/products\/compress\/Men Green T-shirts -T-shirts-Men(Green)-1526732334.png",
       "name":"Men Green T-shirts",
       "mrp_price":"499.00",
       "selling_price":"399.00",
       "shop_name":"HARI OM COLLECTION",
       "size":[
          {
             "size":"M"
          },
          {
             "size":"L"
          },
          {
             "size":"XL"
          }
       ],
       "wishlistflag":0
    },
    {
       "id":774,
       "image":"https:\/\/seller.fashiostreet.com\/products\/compress\/Men Multicolor T-shirts -T-shirts-Men(Multicolor)-1526895995.png",
       "name":"Men Multicolor T-shirts",
       "mrp_price":"550.00",
       "selling_price":"495.00",
       "shop_name":"Exceptional Mens Wear",
       "size":[
          {
             "size":"L"
          },
          {
             "size":"XL"
          }
       ],
       "wishlistflag":0
    },
    {
       "id":775,
       "image":"https:\/\/seller.fashiostreet.com\/products\/compress\/Men Multicolor T-shirts -T-shirts-Men(Multicolor)-1526896102.png",
       "name":"Men Multicolor T-shirts",
       "mrp_price":"550.00",
       "selling_price":"495.00",
       "shop_name":"Exceptional Mens Wear",
       "size":[
          {
             "size":"L"
          },
          {
             "size":"XL"
          }
       ],
       "wishlistflag":0
    },
    {
       "id":776,
       "image":"https:\/\/seller.fashiostreet.com\/products\/compress\/Men Multicolor T-shirts -T-shirts-Men(Multicolor)-1526896113.png",
       "name":"Men Multicolor T-shirts",
       "mrp_price":"550.00",
       "selling_price":"495.00",
       "shop_name":"Exceptional Mens Wear",
       "size":[
          {
             "size":"L"
          },
          {
             "size":"XL"
          }
       ],
       "wishlistflag":0
    },
    {
       "id":777,
       "image":"https:\/\/seller.fashiostreet.com\/products\/compress\/Men Red T-shirts -T-shirts-Men(Red)-1526896225.png",
       "name":"Men Red T-shirts",
       "mrp_price":"550.00",
       "selling_price":"495.00",
       "shop_name":"Exceptional Mens Wear",
       "size":[
          {
             "size":"L"
          },
          {
             "size":"XL"
          }
       ],
       "wishlistflag":0
    },
    {
       "id":778,
       "image":"https:\/\/seller.fashiostreet.com\/products\/compress\/Men Green T-shirts -T-shirts-Men(Green)-1526896227.png",
       "name":"Men Green T-shirts",
       "mrp_price":"550.00",
       "selling_price":"495.00",
       "shop_name":"Exceptional Mens Wear",
       "size":[
          {
             "size":"L"
          },
          {
             "size":"XL"
          }
       ],
       "wishlistflag":0
    }
 ]