[
    {  
        "id":1114,
        "image":"https:\/\/seller.fashiostreet.com\/products\/compress\/Women Red Tops -Tops-Women(Red)-1527401640.png",
        "name":"Women Red Tops",
        "mrp_price":"1495.00",
        "selling_price":"672.00",
        "shop_name":"DRESS CODE",
        "size":[  
           {  
              "size":"S"
           },
           {  
              "size":"M"
           },
           {  
              "size":"L"
           }
        ],
        "wishlistflag":0
     },
     {  
        "id":1115,
        "image":"https:\/\/seller.fashiostreet.com\/products\/compress\/Women Red Tops -Tops-Women(Red)-1527401647.png",
        "name":"Women Red Tops",
        "mrp_price":"1495.00",
        "selling_price":"672.00",
        "shop_name":"DRESS CODE",
        "size":[  
           {  
              "size":"S"
           },
           {  
              "size":"M"
           },
           {  
              "size":"L"
           }
        ],
        "wishlistflag":0
     },
     {
        "id":541,
        "image":"https:\/\/seller.fashiostreet.com\/products\/compress\/Men Orange T-shirts -T-shirts-Men(Orange)-1526730638.png",
        "name":"Men Orange T-shirts",
        "mrp_price":"399.00",
        "selling_price":"320.00",
        "shop_name":"HARI OM COLLECTION",
        "size":[
           {
              "size":"S"
           },
           {
              "size":"M"
           },
           {
              "size":"L"
           },
           {
              "size":"XL"
           }
        ],
        "wishlistflag":0
     },
     {
        "id":545,
        "image":"https:\/\/seller.fashiostreet.com\/products\/compress\/Men Black T-shirts -T-shirts-Men(Black)-1526732169.png",
        "name":"Men Black T-shirts",
        "mrp_price":"580.00",
        "selling_price":"580.00",
        "shop_name":"HARI OM COLLECTION",
        "size":[
           {
              "size":"L"
           }
        ],
        "wishlistflag":0
     },
     {  
        "id":1342,
        "image":"https:\/\/seller.fashiostreet.com\/products\/compress\/Men Skincolor Trousers -Trousers-Men(Skincolor)-1528962876.png",
        "name":"Men Skincolor Chinos pants",
        "mrp_price":"1999.00",
        "selling_price":"1099.00",
        "shop_name":"DRESS CODE",
        "size":[  
           {  
              "size":"30"
           },
           {  
              "size":"32"
           },
           {  
              "size":"36"
           },
           {  
              "size":"38"
           },
           {  
              "size":"40"
           }
        ],
        "wishlistflag":0
     },
     {  
        "id":1343,
        "image":"https:\/\/seller.fashiostreet.com\/products\/compress\/Men  Trousers -Trousers-Men(Multicolor)-1528963376.png",
        "name":"Men  Chinos pants",
        "mrp_price":"1999.00",
        "selling_price":"999.00",
        "shop_name":"DRESS CODE",
        "size":[  
           {  
              "size":"36"
           },
           {  
              "size":"38"
           },
           {  
              "size":"40"
           }
        ],
        "wishlistflag":0
     },
     {  
        "id":680,
        "image":"https:\/\/seller.fashiostreet.com\/products\/compress\/Men Blue Casual Shirts -Casual Shirts-Men(Blue)-1526821994.png",
        "name":"Men Blue Casual Shirts",
        "mrp_price":"1899.00",
        "selling_price":"1804.00",
        "shop_name":"TARANGAN COLLECTION",
        "size":[  
           {  
              "size":"M"
           },
           {  
              "size":"L"
           },
           {  
              "size":"XL"
           }
        ],
        "wishlistflag":0
     },
     {  
        "id":681,
        "image":"https:\/\/seller.fashiostreet.com\/products\/compress\/Men White Casual Shirts -Casual Shirts-Men(White)-1526821998.png",
        "name":"Men White Casual Shirts",
        "mrp_price":"1899.00",
        "selling_price":"1804.00",
        "shop_name":"TARANGAN COLLECTION",
        "size":[  
           {  
              "size":"M"
           },
           {  
              "size":"L"
           },
           {  
              "size":"XL"
           }
        ],
        "wishlistflag":0
     }
]