[
    {
        "id":546,
        "image":"https:\/\/seller.fashiostreet.com\/products\/compress\/Men Black T-shirts -T-shirts-Men(Black)-1526732179.png",
        "name":"Men Black T-shirts",
        "mrp_price":"580.00",
        "selling_price":"580.00",
        "shop_name":"HARI OM COLLECTION",
        "size":[
           {
              "size":"XL"
           }
        ],
        "wishlistflag":0
     },
     {
        "id":547,
        "image":"https:\/\/seller.fashiostreet.com\/products\/compress\/Men Gray T-shirts -T-shirts-Men(Gray)-1526732179.png",
        "name":"Men Gray T-shirts",
        "mrp_price":"580.00",
        "selling_price":"580.00",
        "shop_name":"HARI OM COLLECTION",
        "size":[
           {
              "size":"L"
           }
        ],
        "wishlistflag":0
     },
     {
        "id":552,
        "image":"https:\/\/seller.fashiostreet.com\/products\/compress\/Men Green T-shirts -T-shirts-Men(Green)-1526732334.png",
        "name":"Men Green T-shirts",
        "mrp_price":"499.00",
        "selling_price":"399.00",
        "shop_name":"HARI OM COLLECTION",
        "size":[
           {
              "size":"M"
           },
           {
              "size":"L"
           },
           {
              "size":"XL"
           }
        ],
        "wishlistflag":0
     }
]